<?xml version='1.0' ?>
<fabmetheus version="2010-03-17" p="7.123" z="2.2">
	<sphere id="Sphere 5" radiusx="5.0" radiusy="5.0" radiusz="5.0">
		<matrix m14="10.0" m34="5.0" />
		<dictionary id="dictionary test" t="2">
			<dictionary id="sub" t="3" />
		</dictionary>
	</sphere>
	<translate id="translate sphere" target="Sphere 5" x="15" y="3" />
	<translate id="translate group" p="4" target="copy test" />
	<dictionary id="divider" />
	<group id="copy test" p="element.r" r="7">
		<dictionary id="original" d="element.s" q="parent.r" s="parent.p" />
		<dictionary id="copy" c="id.original.d" />
		<polygon id="parent test" sides="1" radius="parent.p" />
	</group>
</fabmetheus>
