<?xml version='1.0' ?>
<fabmetheus>
	<dictionary concatenate='{ 0 : $Zero } || { 1 : "One" }' />
	<dictionary dictionaryCount='{ 0 : "Zero", 1 : "One", 2 : "Two", 3 : "Three", 4 : "Four" }.count(Two)' />
	<dictionary dictionaryIndex='{ 0 : "Zero", 1 : "One", 2 : "Two", 3 : "Three", 4 : "Four" }.index(Two)' />
	<dictionary dictionaryKeys='{ 0 : "Zero", 1 : "One", 2 : "Two", 3 : "Three", 4 : "Four" }.keys()' />
	<dictionary dictionaryValues='{ 0 : "Zero", 1 : "One", 2 : "Two", 3 : "Three", 4 : "Four" }.values()' />
	<dictionary range5one='{ 0 : "Zero", 1 : "One", 2 : "Two", 3 : "Three", 4 : "Four" }[1]' />
	<dictionary range5one='{ 0 : "Zero", 1 : "One", 2 : "Two", 3 : "Three", 4 : "Four" }[None, 4, 2]' />
	<dictionary range5onecomma3='{ 0 : "Zero", 1 : "One", 2 : "Two", 3 : "Three", 4 : "Four" }[1, 3]' />
	<dictionary range5onethrough3='{ 0 : "Zero", 1 : "One", 2 : "Two", 3 : "Three", 4 : "Four" }[4, -1, -1]' />
	<dictionary stringBookRye='{"book":"rye"}["book"]' />
</fabmetheus>
